{"mean":{"confidence_interval":{"confidence_level":0.95,"lower_bound":2717624.202572338,"upper_bound":2974671.1838832526},"point_estimate":2846144.5094366446,"standard_error":65985.46477016632},"median":{"confidence_interval":{"confidence_level":0.95,"lower_bound":2610970.6174079385,"upper_bound":3048174.8568069506},"point_estimate":2883597.5125845456,"standard_error":132379.93336090073},"median_abs_dev":{"confidence_interval":{"confidence_level":0.95,"lower_bound":3022.241226473439,"upper_bound":371947.21287888376},"point_estimate":366769.93390087615,"standard_error":110118.49780818429},"slope":{"confidence_interval":{"confidence_level":0.95,"lower_bound":2865756.869279938,"upper_bound":3084578.337174248},"point_estimate":3010804.9997652275,"standard_error":56117.037119180415},"std_dev":{"confidence_interval":{"confidence_level":0.95,"lower_bound":146952.08946448835,"upper_bound":253166.74722151886},"point_estimate":219562.62029807246,"standard_error":27927.065018595033}}