{"mean":{"confidence_interval":{"confidence_level":0.95,"lower_bound":3763417.8829495953,"upper_bound":4301099.219259275},"point_estimate":4032766.9070890895,"standard_error":140441.76385034592},"median":{"confidence_interval":{"confidence_level":0.95,"lower_bound":3581611.3223981345,"upper_bound":4470478.410375902},"point_estimate":4044608.1456799214,"standard_error":376179.8840859206},"median_abs_dev":{"confidence_interval":{"confidence_level":0.95,"lower_bound":4510.831800071095,"upper_bound":682080.7656807486},"point_estimate":657894.5102163927,"standard_error":265890.37859208824},"slope":{"confidence_interval":{"confidence_level":0.95,"lower_bound":4074087.1832324225,"upper_bound":4460956.249179983},"point_estimate":4350799.642035333,"standard_error":101632.55186624682},"std_dev":{"confidence_interval":{"confidence_level":0.95,"lower_bound":364853.25137879583,"upper_bound":476122.7868349622},"point_estimate":468258.33432485635,"standard_error":40201.06173736977}}