{"mean":{"confidence_interval":{"confidence_level":0.95,"lower_bound":110778126.2364271,"upper_bound":112469829.05584465},"point_estimate":111602904.86960165,"standard_error":432178.94849021145},"median":{"confidence_interval":{"confidence_level":0.95,"lower_bound":110449661.33974358,"upper_bound":112898806.99278846},"point_estimate":111562553.94423077,"standard_error":583331.9018897073},"median_abs_dev":{"confidence_interval":{"confidence_level":0.95,"lower_bound":98716.18071416025,"upper_bound":2634927.289754919},"point_estimate":1181580.3336412145,"standard_error":639009.0311958238},"slope":{"confidence_interval":{"confidence_level":0.95,"lower_bound":110638329.75252089,"upper_bound":112463170.76340124},"point_estimate":111491215.9034965,"standard_error":460560.5056202356},"std_dev":{"confidence_interval":{"confidence_level":0.95,"lower_bound":772127.4186543227,"upper_bound":1810663.7698548937},"point_estimate":1442568.320018113,"standard_error":263590.90737680125}}