{"mean":{"confidence_interval":{"confidence_level":0.95,"lower_bound":62340425.059195206,"upper_bound":72508781.97743846},"point_estimate":67494041.052953,"standard_error":2607837.337763374},"median":{"confidence_interval":{"confidence_level":0.95,"lower_bound":58636157.55337079,"upper_bound":75089636.82022472},"point_estimate":69233291.50214018,"standard_error":5303905.856994154},"median_abs_dev":{"confidence_interval":{"confidence_level":0.95,"lower_bound":1578703.8197903817,"upper_bound":13835566.031691734},"point_estimate":11599661.45585529,"standard_error":3491251.6794711514},"slope":{"confidence_interval":{"confidence_level":0.95,"lower_bound":58734776.689789936,"upper_bound":70288334.9305001},"point_estimate":62592755.26595651,"standard_error":2955135.9474857226},"std_dev":{"confidence_interval":{"confidence_level":0.95,"lower_bound":5812396.59871516,"upper_bound":9881447.554130822},"point_estimate":8662894.119848218,"standard_error":1039256.9589339455}}