{"mean":{"confidence_interval":{"confidence_level":0.95,"lower_bound":3851914867.2842264,"upper_bound":4329799688.401226},"point_estimate":4094813129.9312696,"standard_error":122669108.20608383},"median":{"confidence_interval":{"confidence_level":0.95,"lower_bound":3657138296.7777777,"upper_bound":4465740219.777778},"point_estimate":4226491665.266667,"standard_error":277362918.486686},"median_abs_dev":{"confidence_interval":{"confidence_level":0.95,"lower_bound":37265723.157384574,"upper_bound":616141393.5784974},"point_estimate":408700422.47856706,"standard_error":192111167.38786647},"slope":{"confidence_interval":{"confidence_level":0.95,"lower_bound":4166736026.3102837,"upper_bound":4451376182.006761},"point_estimate":4369226393.8103895,"standard_error":75105314.42012955},"std_dev":{"confidence_interval":{"confidence_level":0.95,"lower_bound":274406052.60773045,"upper_bound":448891626.8605738},"point_estimate":408416587.50140476,"standard_error":45390561.66702067}}