{"mean":{"confidence_interval":{"confidence_level":0.95,"lower_bound":36502727059.1,"upper_bound":40000689410.445},"point_estimate":38085746707.0,"standard_error":903631549.8231446},"median":{"confidence_interval":{"confidence_level":0.95,"lower_bound":35767061748.0,"upper_bound":39896587495.5},"point_estimate":36841324412.0,"standard_error":1165108537.4317842},"median_abs_dev":{"confidence_interval":{"confidence_level":0.95,"lower_bound":132797097.14528024,"upper_bound":4819518111.42785},"point_estimate":1725498894.515571,"standard_error":1259525078.4301465},"slope":null,"std_dev":{"confidence_interval":{"confidence_level":0.95,"lower_bound":1152962047.8865094,"upper_bound":4014388076.274816},"point_estimate":3013340790.330718,"standard_error":759679564.5875154}}