{"mean":{"confidence_interval":{"confidence_level":0.95,"lower_bound":16586247726.25,"upper_bound":19096804036.885002},"point_estimate":17831871553.966667,"standard_error":637418310.4599766},"median":{"confidence_interval":{"confidence_level":0.95,"lower_bound":16020817046.333332,"upper_bound":20102563650.666668},"point_estimate":16618818231.5,"standard_error":1476554816.0138383},"median_abs_dev":{"confidence_interval":{"confidence_level":0.95,"lower_bound":13290015.538754588,"upper_bound":3151875673.938919},"point_estimate":913524567.0956969,"standard_error":1038896771.1266875},"slope":null,"std_dev":{"confidence_interval":{"confidence_level":0.95,"lower_bound":1292423326.687978,"upper_bound":2291392543.6797504},"point_estimate":2120050621.1108217,"standard_error":252782378.75633073}}