{"mean":{"confidence_interval":{"confidence_level":0.95,"lower_bound":22870359172.005,"upper_bound":24934264357.5975},"point_estimate":24047321821.3,"standard_error":539061545.5728803},"median":{"confidence_interval":{"confidence_level":0.95,"lower_bound":22979570023.75,"upper_bound":24982835057.0},"point_estimate":24813349313.0,"standard_error":414207037.8306178},"median_abs_dev":{"confidence_interval":{"confidence_level":0.95,"lower_bound":65352080.58541864,"upper_bound":2508374619.9519486},"point_estimate":257882288.92407417,"standard_error":449777438.30154926},"slope":null,"std_dev":{"confidence_interval":{"confidence_level":0.95,"lower_bound":145621839.65851694,"upper_bound":2363910520.7427783},"point_estimate":1809626179.8073027,"standard_error":596653889.8145416}}