{"mean":{"confidence_interval":{"confidence_level":0.95,"lower_bound":313383.0588056719,"upper_bound":350945.5463407459},"point_estimate":332573.7367096966,"standard_error":9642.104832712173},"median":{"confidence_interval":{"confidence_level":0.95,"lower_bound":294273.8083397983,"upper_bound":358641.96849532676},"point_estimate":338120.0723575554,"standard_error":14036.943306636242},"median_abs_dev":{"confidence_interval":{"confidence_level":0.95,"lower_bound":4309.455822417032,"upper_bound":56856.97005806955},"point_estimate":34516.916236122845,"standard_error":15337.038187235614},"slope":{"confidence_interval":{"confidence_level":0.95,"lower_bound":295186.22862206126,"upper_bound":340201.64596783137},"point_estimate":309251.26697591005,"standard_error":10560.55448971724},"std_dev":{"confidence_interval":{"confidence_level":0.95,"lower_bound":17488.55394688447,"upper_bound":38760.27344681431},"point_estimate":32202.578699017828,"standard_error":5155.3509694770855}}