{"mean":{"confidence_interval":{"confidence_level":0.95,"lower_bound":127868942.85372443,"upper_bound":129324722.16839284},"point_estimate":128600006.22208901,"standard_error":372605.98067400494},"median":{"confidence_interval":{"confidence_level":0.95,"lower_bound":127368724.22619048,"upper_bound":129789189.78571428},"point_estimate":128618914.29126984,"standard_error":525049.3315730643},"median_abs_dev":{"confidence_interval":{"confidence_level":0.95,"lower_bound":165031.79799687254,"upper_bound":2279888.6105872127},"point_estimate":1794291.0874199627,"standard_error":611635.5393671057},"slope":{"confidence_interval":{"confidence_level":0.95,"lower_bound":127411972.01706272,"upper_bound":128692863.04784283},"point_estimate":128092003.28404453,"standard_error":325984.119399731},"std_dev":{"confidence_interval":{"confidence_level":0.95,"lower_bound":742679.4403306086,"upper_bound":1500071.3597132326},"point_estimate":1241095.6487967102,"standard_error":191712.68490428806}}