{"mean":{"confidence_interval":{"confidence_level":0.95,"lower_bound":1942465540.3787498,"upper_bound":2211689804.75936},"point_estimate":2065575671.5314088,"standard_error":70741961.96639402},"median":{"confidence_interval":{"confidence_level":0.95,"lower_bound":1892269126.125,"upper_bound":2390064889.8125},"point_estimate":1918690470.8535714,"standard_error":126011918.75016348},"median_abs_dev":{"confidence_interval":{"confidence_level":0.95,"lower_bound":6850877.462797612,"upper_bound":362819358.7415237},"point_estimate":48448244.4745142,"standard_error":98287884.82776864},"slope":{"confidence_interval":{"confidence_level":0.95,"lower_bound":1977577034.742126,"upper_bound":2354717654.6410933},"point_estimate":2236257842.0785713,"standard_error":89599866.97255878},"std_dev":{"confidence_interval":{"confidence_level":0.95,"lower_bound":71368755.49699166,"upper_bound":266159937.0098987},"point_estimate":236739723.12432936,"standard_error":42388996.14197673}}