{"mean":{"confidence_interval":{"confidence_level":0.95,"lower_bound":5778237.920001728,"upper_bound":6426216.993895246},"point_estimate":6108086.570420493,"standard_error":165315.0176734898},"median":{"confidence_interval":{"confidence_level":0.95,"lower_bound":5497448.298600311,"upper_bound":6601208.793601422},"point_estimate":6305173.308125972,"standard_error":386792.4151801054},"median_abs_dev":{"confidence_interval":{"confidence_level":0.95,"lower_bound":16713.10859519406,"upper_bound":837341.0300656211},"point_estimate":490190.58415787865,"standard_error":277574.32759866305},"slope":{"confidence_interval":{"confidence_level":0.95,"lower_bound":6221003.699079222,"upper_bound":6591692.872156494},"point_estimate":6486552.563464684,"standard_error":97486.58429126457},"std_dev":{"confidence_interval":{"confidence_level":0.95,"lower_bound":370721.6015942961,"upper_bound":595255.9471882128},"point_estimate":550082.027140636,"standard_error":59013.682665303415}}