{"mean":{"confidence_interval":{"confidence_level":0.95,"lower_bound":52604039.11151649,"upper_bound":59469560.26802162},"point_estimate":55901344.39199962,"standard_error":1750857.3491757985},"median":{"confidence_interval":{"confidence_level":0.95,"lower_bound":51049480.822222225,"upper_bound":60056082.9026455},"point_estimate":55532826.441241495,"standard_error":2020482.2564264894},"median_abs_dev":{"confidence_interval":{"confidence_level":0.95,"lower_bound":1400886.9277171448,"upper_bound":10079409.152712269},"point_estimate":5182196.22286929,"standard_error":2240274.6001919424},"slope":{"confidence_interval":{"confidence_level":0.95,"lower_bound":50056732.4356866,"upper_bound":56952809.341293626},"point_estimate":53559391.824588746,"standard_error":1887666.225953271},"std_dev":{"confidence_interval":{"confidence_level":0.95,"lower_bound":2948281.956827099,"upper_bound":7594494.494517794},"point_estimate":5825612.838825642,"standard_error":1209122.535778927}}