{"mean":{"confidence_interval":{"confidence_level":0.95,"lower_bound":219529490.25238338,"upper_bound":225997498.6517509},"point_estimate":222810406.8941679,"standard_error":1657127.2951019784},"median":{"confidence_interval":{"confidence_level":0.95,"lower_bound":217673776.64381915,"upper_bound":226815512.2479798},"point_estimate":224097957.43636364,"standard_error":2830255.985751713},"median_abs_dev":{"confidence_interval":{"confidence_level":0.95,"lower_bound":532631.2946938917,"upper_bound":8961863.367146939},"point_estimate":5495570.752468763,"standard_error":2326376.0765590006},"slope":{"confidence_interval":{"confidence_level":0.95,"lower_bound":217222808.3885312,"upper_bound":225332117.7264387},"point_estimate":221157789.22353405,"standard_error":2133066.4655439453},"std_dev":{"confidence_interval":{"confidence_level":0.95,"lower_bound":3382039.86670165,"upper_bound":6664960.556958579},"point_estimate":5512471.151400156,"standard_error":833798.3545470769}}