{"mean":{"confidence_interval":{"confidence_level":0.95,"lower_bound":1267031028.4732146,"upper_bound":1378340698.5197685},"point_estimate":1312844661.277533,"standard_error":28007192.14085491},"median":{"confidence_interval":{"confidence_level":0.95,"lower_bound":1263981636.625,"upper_bound":1380175286.9629629},"point_estimate":1269103436.0277777,"standard_error":25151522.296447907},"median_abs_dev":{"confidence_interval":{"confidence_level":0.95,"lower_bound":1352806.9856579676,"upper_bound":154394975.02249455},"point_estimate":7759279.008465971,"standard_error":25119965.58843671},"slope":{"confidence_interval":{"confidence_level":0.95,"lower_bound":1266239041.452711,"upper_bound":1447926964.0684717},"point_estimate":1372784749.8450217,"standard_error":48838749.21076039},"std_dev":{"confidence_interval":{"confidence_level":0.95,"lower_bound":3954500.132922785,"upper_bound":116295703.3344972},"point_estimate":93596702.96470748,"standard_error":30760062.85919698}}