{"mean":{"confidence_interval":{"confidence_level":0.95,"lower_bound":1291784816.7114284,"upper_bound":1359398643.4226785},"point_estimate":1329522074.210734,"standard_error":17270647.499657355},"median":{"confidence_interval":{"confidence_level":0.95,"lower_bound":1321747915.8444443,"upper_bound":1356034706.58125},"point_estimate":1337308410.3333333,"standard_error":7704214.618696584},"median_abs_dev":{"confidence_interval":{"confidence_level":0.95,"lower_bound":1279097.8997540907,"upper_bound":66397163.57201687},"point_estimate":13189420.84225756,"standard_error":17106380.904482633},"slope":{"confidence_interval":{"confidence_level":0.95,"lower_bound":1322878913.283878,"upper_bound":1354437444.9886363},"point_estimate":1335209400.2233765,"standard_error":8071772.255079718},"std_dev":{"confidence_interval":{"confidence_level":0.95,"lower_bound":11619672.676058939,"upper_bound":84237435.70792396},"point_estimate":57677788.830374174,"standard_error":20387331.06517129}}