{"mean":{"confidence_interval":{"confidence_level":0.95,"lower_bound":2588101.06455257,"upper_bound":2980731.5881936504},"point_estimate":2769458.9949751953,"standard_error":101136.56706751611},"median":{"confidence_interval":{"confidence_level":0.95,"lower_bound":2514883.2889943505,"upper_bound":3216037.6862711865},"point_estimate":2531476.8497740114,"standard_error":200761.45359220897},"median_abs_dev":{"confidence_interval":{"confidence_level":0.95,"lower_bound":2233.9627099658755,"upper_bound":526285.8235936889},"point_estimate":40310.92388172124,"standard_error":170678.32472515246},"slope":{"confidence_interval":{"confidence_level":0.95,"lower_bound":2716366.6806134693,"upper_bound":3167531.9209114234},"point_estimate":3020435.7808690295,"standard_error":115963.69177718933},"std_dev":{"confidence_interval":{"confidence_level":0.95,"lower_bound":179832.8840347113,"upper_bound":374946.9534637997},"point_estimate":337895.21251405386,"standard_error":52036.06029082479}}